[{"model": "backend.serviceuser", "pk": 1, "fields": {"password": "pbkdf2_sha256$260000$ymabGPFSj3Jv2lRd8bUKo8$Stkw8DotCRywZOx0UG11MFPe/Hzm6Pvp4xTdiSmSg14=", "last_login": "2022-06-17T12:52:16.043Z", "is_superuser": true, "username": "admin", "first_name": "", "last_name": "", "email": "admin@test.com", "is_staff": true, "is_active": true, "date_joined": "2022-05-19T14:07:33.700Z", "is_manager": true, "created": "2022-05-19T14:07:33.700Z", "is_account_activated": false, "activate_account_token": null, "activate_account_token_expire": null, "reset_password_token": null, "reset_password_token_expire": null, "receive_mail_notifications": true, "groups": [], "user_permissions": []}}, {"model": "backend.serviceuser", "pk": 2, "fields": {"password": "pbkdf2_sha256$260000$ymabGPFSj3Jv2lRd8bUKo8$Stkw8DotCRywZOx0UG11MFPe/Hzm6Pvp4xTdiSmSg14=", "last_login": "2022-06-17T12:51:23.367Z", "is_superuser": false, "username": "manager", "first_name": "", "last_name": "", "email": "manager@test.com", "is_staff": false, "is_active": true, "date_joined": "2022-05-19T14:07:33.702Z", "is_manager": true, "created": "2022-05-19T14:07:33.702Z", "is_account_activated": false, "activate_account_token": null, "activate_account_token_expire": null, "reset_password_token": null, "reset_password_token_expire": null, "receive_mail_notifications": true, "groups": [], "user_permissions": []}}, {"model": "backend.serviceuser", "pk": 3, "fields": {"password": "pbkdf2_sha256$260000$ymabGPFSj3Jv2lRd8bUKo8$Stkw8DotCRywZOx0UG11MFPe/Hzm6Pvp4xTdiSmSg14=", "last_login": null, "is_superuser": false, "username": "annotator", "first_name": "", "last_name": "", "email": "annotator@test.com", "is_staff": false, "is_active": true, "date_joined": "2022-05-19T14:07:33.703Z", "is_manager": false, "created": "2022-05-19T14:07:33.703Z", "is_account_activated": false, "activate_account_token": null, "activate_account_token_expire": null, "reset_password_token": null, "reset_password_token_expire": null, "receive_mail_notifications": true, "groups": [], "user_permissions": []}}, {"model": "backend.project", "pk": 1, "fields": {"name": "Test project 1", "description": "Desc", "annotator_guideline": "Guideline", "created": "2022-05-19T14:08:00.440Z", "configuration": [{"name": "htmldisplay", "type": "html", "text": "{{{text}}}"}, {"name": "sentiment", "type": "radio", "title": "Sentiment", "description": "Please select a sentiment of the text above.", "options": {"negative": "Negative", "neutral": "Neutral", "positive": "Positive"}}], "owner": 1, "annotations_per_doc": 3, "annotator_max_annotation": 0.6, "allow_document_reject": true, "allow_annotation_change": true, "annotation_timeout": 60, "document_input_preview": {"text": "<p>Some html text <strong>in bold</strong>.</p><p>Paragraph 2.</p>"}, "document_id_field": "id", "has_training_stage": true, "has_test_stage": true, "can_annotate_after_passing_training_and_test": true, "min_test_pass_threshold": 0.6, "document_gold_standard_field": "gold"}}, {"model": "backend.project", "pk": 2, "fields": {"name": "Test project 2", "description": "", "annotator_guideline": "", "created": "2022-06-17T12:55:16.586Z", "configuration": [{"name": "htmldisplay", "type": "html", "text": "{{{text}}}"}, {"name": "sentiment", "type": "radio", "title": "Sentiment", "description": "Please select a sentiment of the text above.", "options": {"negative": "Negative", "neutral": "Neutral", "positive": "Positive"}}], "owner": 1, "annotations_per_doc": 3, "annotator_max_annotation": 0.6, "allow_document_reject": true, "allow_annotation_change": true, "annotation_timeout": 60, "document_input_preview": {"text": "<p>Some html text <strong>in bold</strong>.</p><p>Paragraph 2.</p>"}, "document_id_field": "id", "has_training_stage": false, "has_test_stage": false, "can_annotate_after_passing_training_and_test": true, "min_test_pass_threshold": 1.0, "document_gold_standard_field": "gold"}}, {"model": "backend.project", "pk": 3, "fields": {"name": "Test project 3", "description": "", "annotator_guideline": "", "created": "2022-06-17T12:56:49.875Z", "configuration": [{"name": "htmldisplay", "type": "html", "text": "{{{text}}}"}, {"name": "sentiment", "type": "radio", "title": "Sentiment", "description": "Please select a sentiment of the text above.", "options": {"negative": "Negative", "neutral": "Neutral", "positive": "Positive"}}], "owner": 1, "annotations_per_doc": 3, "annotator_max_annotation": 0.6, "allow_document_reject": true, "allow_annotation_change": true, "annotation_timeout": 60, "document_input_preview": {"text": "<p>Some html text <strong>in bold</strong>.</p><p>Paragraph 2.</p>"}, "document_id_field": "id", "has_training_stage": false, "has_test_stage": false, "can_annotate_after_passing_training_and_test": true, "min_test_pass_threshold": 1.0, "document_gold_standard_field": "gold"}}, {"model": "backend.annotatorproject", "pk": 1, "fields": {"annotator": 1, "project": 1, "training_score": 5.0, "test_score": 9.0, "training_completed": "2022-06-17T12:45:53.384Z", "test_completed": "2022-06-17T12:45:53.384Z", "annotations_completed": "2022-06-17T12:45:53.384Z", "allowed_to_annotate": true, "status": 1, "rejected": false}}, {"model": "backend.annotatorproject", "pk": 2, "fields": {"annotator": 2, "project": 1, "training_score": 5.0, "test_score": 10.0, "training_completed": "2022-06-17T12:45:53.384Z", "test_completed": "2022-06-17T12:45:53.384Z", "annotations_completed": "2022-06-17T12:45:53.384Z", "allowed_to_annotate": true, "status": 1, "rejected": false}}, {"model": "backend.annotatorproject", "pk": 3, "fields": {"annotator": 3, "project": 1, "training_score": 0.0, "test_score": 0.0, "training_completed": null, "test_completed": null, "annotations_completed": null, "allowed_to_annotate": false, "status": 0, "rejected": false}}, {"model": "backend.annotatorproject", "pk": 4, "fields": {"annotator": 1, "project": 3, "training_score": 0.0, "test_score": 0.0, "training_completed": null, "test_completed": null, "annotations_completed": "2022-06-17T12:57:54.611Z", "allowed_to_annotate": true, "status": 1, "rejected": false}}, {"model": "backend.annotatorproject", "pk": 5, "fields": {"annotator": 1, "project": 2, "training_score": 0.0, "test_score": 0.0, "training_completed": null, "test_completed": null, "annotations_completed": "2022-06-17T12:57:54.611Z", "allowed_to_annotate": true, "status": 1, "rejected": false}}, {"model": "backend.document", "pk": 1, "fields": {"project": 1, "data": {"id": "1", "text": "Document 1"}, "created": "2022-05-19T14:08:48.096Z", "doc_type": 0}}, {"model": "backend.document", "pk": 2, "fields": {"project": 1, "data": {"id": "2", "text": "Document 2"}, "created": "2022-05-19T14:08:48.111Z", "doc_type": 0}}, {"model": "backend.document", "pk": 3, "fields": {"project": 1, "data": {"id": "3", "text": "Document 3"}, "created": "2022-05-19T14:08:48.121Z", "doc_type": 0}}, {"model": "backend.document", "pk": 4, "fields": {"project": 1, "data": {"id": "4", "text": "Document 4"}, "created": "2022-05-19T14:08:48.133Z", "doc_type": 0}}, {"model": "backend.document", "pk": 5, "fields": {"project": 1, "data": {"id": "5", "text": "Document 5"}, "created": "2022-05-19T14:08:48.188Z", "doc_type": 0}}, {"model": "backend.document", "pk": 6, "fields": {"project": 1, "data": {"id": "6", "text": "Document 6"}, "created": "2022-05-19T14:08:48.200Z", "doc_type": 0}}, {"model": "backend.document", "pk": 7, "fields": {"project": 1, "data": {"id": "7", "text": "Document 7"}, "created": "2022-05-19T14:08:48.211Z", "doc_type": 0}}, {"model": "backend.document", "pk": 8, "fields": {"project": 1, "data": {"id": "8", "text": "Document 8"}, "created": "2022-05-19T14:08:48.264Z", "doc_type": 0}}, {"model": "backend.document", "pk": 9, "fields": {"project": 1, "data": {"id": "9", "text": "Document 9"}, "created": "2022-05-19T14:08:48.274Z", "doc_type": 0}}, {"model": "backend.document", "pk": 10, "fields": {"project": 1, "data": {"id": "10", "text": "Document 10"}, "created": "2022-05-19T14:08:48.283Z", "doc_type": 0}}, {"model": "backend.document", "pk": 11, "fields": {"project": 1, "data": {"id": "11", "text": "Document 11"}, "created": "2022-05-19T14:08:48.340Z", "doc_type": 0}}, {"model": "backend.document", "pk": 12, "fields": {"project": 1, "data": {"id": "12", "text": "Document 12"}, "created": "2022-05-19T14:08:48.350Z", "doc_type": 0}}, {"model": "backend.document", "pk": 13, "fields": {"project": 1, "data": {"id": "13", "text": "Document 13"}, "created": "2022-05-19T14:08:48.360Z", "doc_type": 0}}, {"model": "backend.document", "pk": 14, "fields": {"project": 1, "data": {"id": "14", "text": "Document 14"}, "created": "2022-05-19T14:08:48.411Z", "doc_type": 0}}, {"model": "backend.document", "pk": 15, "fields": {"project": 1, "data": {"id": "15", "text": "Document 15"}, "created": "2022-05-19T14:08:48.420Z", "doc_type": 0}}, {"model": "backend.document", "pk": 16, "fields": {"project": 1, "data": {"id": "16", "text": "Document 16"}, "created": "2022-05-19T14:08:48.430Z", "doc_type": 0}}, {"model": "backend.document", "pk": 17, "fields": {"project": 1, "data": {"id": "17", "text": "Document 17"}, "created": "2022-05-19T14:08:48.483Z", "doc_type": 0}}, {"model": "backend.document", "pk": 18, "fields": {"project": 1, "data": {"id": "18", "text": "Document 18"}, "created": "2022-05-19T14:08:48.491Z", "doc_type": 0}}, {"model": "backend.document", "pk": 19, "fields": {"project": 1, "data": {"id": "19", "text": "Document 19"}, "created": "2022-05-19T14:08:48.499Z", "doc_type": 0}}, {"model": "backend.document", "pk": 20, "fields": {"project": 1, "data": {"id": "20", "text": "Document 20"}, "created": "2022-05-19T14:08:48.552Z", "doc_type": 0}}, {"model": "backend.document", "pk": 21, "fields": {"project": 1, "data": {"id": "1", "text": "Training document 1", "gold": {"sentiment": {"value": "positive", "explanation": "Example explanation 1"}}}, "created": "2022-05-19T14:08:55.902Z", "doc_type": 1}}, {"model": "backend.document", "pk": 22, "fields": {"project": 1, "data": {"id": "2", "text": "Training document 2", "gold": {"sentiment": {"value": "positive", "explanation": "Example explanation 2"}}}, "created": "2022-05-19T14:08:55.913Z", "doc_type": 1}}, {"model": "backend.document", "pk": 23, "fields": {"project": 1, "data": {"id": "3", "text": "Training document 3", "gold": {"sentiment": {"value": "positive", "explanation": "Example explanation 3"}}}, "created": "2022-05-19T14:08:55.923Z", "doc_type": 1}}, {"model": "backend.document", "pk": 24, "fields": {"project": 1, "data": {"id": "4", "text": "Training document 4", "gold": {"sentiment": {"value": "positive", "explanation": "Example explanation 4"}}}, "created": "2022-05-19T14:08:55.932Z", "doc_type": 1}}, {"model": "backend.document", "pk": 25, "fields": {"project": 1, "data": {"id": "5", "text": "Training document 5", "gold": {"sentiment": {"value": "positive", "explanation": "Example explanation 5"}}}, "created": "2022-05-19T14:08:55.983Z", "doc_type": 1}}, {"model": "backend.document", "pk": 26, "fields": {"project": 1, "data": {"id": "1", "text": "Test document 1", "gold": {"sentiment": {"value": "positive", "explanation": "Example explanation 1"}}}, "created": "2022-05-19T14:09:04.704Z", "doc_type": 2}}, {"model": "backend.document", "pk": 27, "fields": {"project": 1, "data": {"id": "2", "text": "Test document 2", "gold": {"sentiment": {"value": "positive", "explanation": "Example explanation 2"}}}, "created": "2022-05-19T14:09:04.716Z", "doc_type": 2}}, {"model": "backend.document", "pk": 28, "fields": {"project": 1, "data": {"id": "3", "text": "Test document 3", "gold": {"sentiment": {"value": "positive", "explanation": "Example explanation 3"}}}, "created": "2022-05-19T14:09:04.768Z", "doc_type": 2}}, {"model": "backend.document", "pk": 29, "fields": {"project": 1, "data": {"id": "4", "text": "Test document 4", "gold": {"sentiment": {"value": "positive", "explanation": "Example explanation 4"}}}, "created": "2022-05-19T14:09:04.777Z", "doc_type": 2}}, {"model": "backend.document", "pk": 30, "fields": {"project": 1, "data": {"id": "5", "text": "Test document 5", "gold": {"sentiment": {"value": "positive", "explanation": "Example explanation 5"}}}, "created": "2022-05-19T14:09:04.786Z", "doc_type": 2}}, {"model": "backend.document", "pk": 31, "fields": {"project": 1, "data": {"id": "6", "text": "Test document 6", "gold": {"sentiment": {"value": "positive", "explanation": "Example explanation 6"}}}, "created": "2022-05-19T14:09:04.842Z", "doc_type": 2}}, {"model": "backend.document", "pk": 32, "fields": {"project": 1, "data": {"id": "7", "text": "Test document 7", "gold": {"sentiment": {"value": "positive", "explanation": "Example explanation 7"}}}, "created": "2022-05-19T14:09:04.851Z", "doc_type": 2}}, {"model": "backend.document", "pk": 33, "fields": {"project": 1, "data": {"id": "8", "text": "Test document 8", "gold": {"sentiment": {"value": "positive", "explanation": "Example explanation 8"}}}, "created": "2022-05-19T14:09:04.859Z", "doc_type": 2}}, {"model": "backend.document", "pk": 34, "fields": {"project": 1, "data": {"id": "9", "text": "Test document 9", "gold": {"sentiment": {"value": "positive", "explanation": "Example explanation 9"}}}, "created": "2022-05-19T14:09:04.911Z", "doc_type": 2}}, {"model": "backend.document", "pk": 35, "fields": {"project": 1, "data": {"id": "10", "text": "Test document 10", "gold": {"sentiment": {"value": "positive", "explanation": "Example explanation 10"}}}, "created": "2022-05-19T14:09:04.921Z", "doc_type": 2}}, {"model": "backend.document", "pk": 36, "fields": {"project": 2, "data": {"id": "1", "text": "Document 1"}, "created": "2022-06-17T12:55:30.721Z", "doc_type": 0}}, {"model": "backend.document", "pk": 37, "fields": {"project": 2, "data": {"id": "2", "text": "Document 2"}, "created": "2022-06-17T12:55:30.739Z", "doc_type": 0}}, {"model": "backend.document", "pk": 38, "fields": {"project": 2, "data": {"id": "3", "text": "Document 3"}, "created": "2022-06-17T12:55:30.759Z", "doc_type": 0}}, {"model": "backend.document", "pk": 39, "fields": {"project": 2, "data": {"id": "4", "text": "Document 4"}, "created": "2022-06-17T12:55:30.816Z", "doc_type": 0}}, {"model": "backend.document", "pk": 40, "fields": {"project": 2, "data": {"id": "5", "text": "Document 5"}, "created": "2022-06-17T12:55:30.834Z", "doc_type": 0}}, {"model": "backend.document", "pk": 41, "fields": {"project": 2, "data": {"id": "6", "text": "Document 6"}, "created": "2022-06-17T12:55:30.853Z", "doc_type": 0}}, {"model": "backend.document", "pk": 42, "fields": {"project": 2, "data": {"id": "7", "text": "Document 7"}, "created": "2022-06-17T12:55:30.915Z", "doc_type": 0}}, {"model": "backend.document", "pk": 43, "fields": {"project": 2, "data": {"id": "8", "text": "Document 8"}, "created": "2022-06-17T12:55:30.933Z", "doc_type": 0}}, {"model": "backend.document", "pk": 44, "fields": {"project": 2, "data": {"id": "9", "text": "Document 9"}, "created": "2022-06-17T12:55:30.952Z", "doc_type": 0}}, {"model": "backend.document", "pk": 45, "fields": {"project": 2, "data": {"id": "10", "text": "Document 10"}, "created": "2022-06-17T12:55:31.016Z", "doc_type": 0}}, {"model": "backend.document", "pk": 46, "fields": {"project": 2, "data": {"id": "11", "text": "Document 11"}, "created": "2022-06-17T12:55:31.030Z", "doc_type": 0}}, {"model": "backend.document", "pk": 47, "fields": {"project": 2, "data": {"id": "12", "text": "Document 12"}, "created": "2022-06-17T12:55:31.044Z", "doc_type": 0}}, {"model": "backend.document", "pk": 48, "fields": {"project": 2, "data": {"id": "13", "text": "Document 13"}, "created": "2022-06-17T12:55:31.114Z", "doc_type": 0}}, {"model": "backend.document", "pk": 49, "fields": {"project": 2, "data": {"id": "14", "text": "Document 14"}, "created": "2022-06-17T12:55:31.128Z", "doc_type": 0}}, {"model": "backend.document", "pk": 50, "fields": {"project": 2, "data": {"id": "15", "text": "Document 15"}, "created": "2022-06-17T12:55:31.146Z", "doc_type": 0}}, {"model": "backend.document", "pk": 51, "fields": {"project": 2, "data": {"id": "16", "text": "Document 16"}, "created": "2022-06-17T12:55:31.210Z", "doc_type": 0}}, {"model": "backend.document", "pk": 52, "fields": {"project": 2, "data": {"id": "17", "text": "Document 17"}, "created": "2022-06-17T12:55:31.228Z", "doc_type": 0}}, {"model": "backend.document", "pk": 53, "fields": {"project": 2, "data": {"id": "18", "text": "Document 18"}, "created": "2022-06-17T12:55:31.243Z", "doc_type": 0}}, {"model": "backend.document", "pk": 54, "fields": {"project": 2, "data": {"id": "19", "text": "Document 19"}, "created": "2022-06-17T12:55:31.304Z", "doc_type": 0}}, {"model": "backend.document", "pk": 55, "fields": {"project": 2, "data": {"id": "20", "text": "Document 20"}, "created": "2022-06-17T12:55:31.319Z", "doc_type": 0}}, {"model": "backend.document", "pk": 56, "fields": {"project": 3, "data": {"id": "1", "text": "Document 1"}, "created": "2022-06-17T12:57:02.230Z", "doc_type": 0}}, {"model": "backend.document", "pk": 57, "fields": {"project": 3, "data": {"id": "2", "text": "Document 2"}, "created": "2022-06-17T12:57:02.249Z", "doc_type": 0}}, {"model": "backend.document", "pk": 58, "fields": {"project": 3, "data": {"id": "3", "text": "Document 3"}, "created": "2022-06-17T12:57:02.269Z", "doc_type": 0}}, {"model": "backend.document", "pk": 59, "fields": {"project": 3, "data": {"id": "4", "text": "Document 4"}, "created": "2022-06-17T12:57:02.289Z", "doc_type": 0}}, {"model": "backend.document", "pk": 60, "fields": {"project": 3, "data": {"id": "5", "text": "Document 5"}, "created": "2022-06-17T12:57:02.309Z", "doc_type": 0}}, {"model": "backend.document", "pk": 61, "fields": {"project": 3, "data": {"id": "6", "text": "Document 6"}, "created": "2022-06-17T12:57:02.328Z", "doc_type": 0}}, {"model": "backend.document", "pk": 62, "fields": {"project": 3, "data": {"id": "7", "text": "Document 7"}, "created": "2022-06-17T12:57:02.347Z", "doc_type": 0}}, {"model": "backend.document", "pk": 63, "fields": {"project": 3, "data": {"id": "8", "text": "Document 8"}, "created": "2022-06-17T12:57:02.408Z", "doc_type": 0}}, {"model": "backend.document", "pk": 64, "fields": {"project": 3, "data": {"id": "9", "text": "Document 9"}, "created": "2022-06-17T12:57:02.426Z", "doc_type": 0}}, {"model": "backend.document", "pk": 65, "fields": {"project": 3, "data": {"id": "10", "text": "Document 10"}, "created": "2022-06-17T12:57:02.443Z", "doc_type": 0}}, {"model": "backend.document", "pk": 66, "fields": {"project": 3, "data": {"id": "11", "text": "Document 11"}, "created": "2022-06-17T12:57:02.505Z", "doc_type": 0}}, {"model": "backend.document", "pk": 67, "fields": {"project": 3, "data": {"id": "12", "text": "Document 12"}, "created": "2022-06-17T12:57:02.520Z", "doc_type": 0}}, {"model": "backend.document", "pk": 68, "fields": {"project": 3, "data": {"id": "13", "text": "Document 13"}, "created": "2022-06-17T12:57:02.534Z", "doc_type": 0}}, {"model": "backend.document", "pk": 69, "fields": {"project": 3, "data": {"id": "14", "text": "Document 14"}, "created": "2022-06-17T12:57:02.547Z", "doc_type": 0}}, {"model": "backend.document", "pk": 70, "fields": {"project": 3, "data": {"id": "15", "text": "Document 15"}, "created": "2022-06-17T12:57:02.560Z", "doc_type": 0}}, {"model": "backend.document", "pk": 71, "fields": {"project": 3, "data": {"id": "16", "text": "Document 16"}, "created": "2022-06-17T12:57:02.621Z", "doc_type": 0}}, {"model": "backend.document", "pk": 72, "fields": {"project": 3, "data": {"id": "17", "text": "Document 17"}, "created": "2022-06-17T12:57:02.634Z", "doc_type": 0}}, {"model": "backend.document", "pk": 73, "fields": {"project": 3, "data": {"id": "18", "text": "Document 18"}, "created": "2022-06-17T12:57:02.650Z", "doc_type": 0}}, {"model": "backend.document", "pk": 74, "fields": {"project": 3, "data": {"id": "19", "text": "Document 19"}, "created": "2022-06-17T12:57:02.711Z", "doc_type": 0}}, {"model": "backend.document", "pk": 75, "fields": {"project": 3, "data": {"id": "20", "text": "Document 20"}, "created": "2022-06-17T12:57:02.729Z", "doc_type": 0}}, {"model": "backend.annotation", "pk": 1, "fields": {"user": 1, "document": 24, "data": {"sentiment": "positive"}, "times_out_at": "2022-06-17T13:50:30.310Z", "created": "2022-06-17T12:50:30.310Z", "status": 1, "status_time": "2022-06-17T12:45:53.387Z", "time_to_complete": null}}, {"model": "backend.annotation", "pk": 2, "fields": {"user": 1, "document": 23, "data": {"sentiment": "positive"}, "times_out_at": "2022-06-17T13:50:37.560Z", "created": "2022-06-17T12:50:37.560Z", "status": 1, "status_time": "2022-06-17T12:45:53.387Z", "time_to_complete": null}}, {"model": "backend.annotation", "pk": 3, "fields": {"user": 1, "document": 22, "data": {"sentiment": "positive"}, "times_out_at": "2022-06-17T13:50:38.852Z", "created": "2022-06-17T12:50:38.852Z", "status": 1, "status_time": "2022-06-17T12:45:53.387Z", "time_to_complete": null}}, {"model": "backend.annotation", "pk": 4, "fields": {"user": 1, "document": 25, "data": {"sentiment": "positive"}, "times_out_at": "2022-06-17T13:50:40.214Z", "created": "2022-06-17T12:50:40.214Z", "status": 1, "status_time": "2022-06-17T12:45:53.387Z", "time_to_complete": null}}, {"model": "backend.annotation", "pk": 5, "fields": {"user": 1, "document": 21, "data": {"sentiment": "positive"}, "times_out_at": "2022-06-17T13:50:41.613Z", "created": "2022-06-17T12:50:41.613Z", "status": 1, "status_time": "2022-06-17T12:45:53.387Z", "time_to_complete": null}}, {"model": "backend.annotation", "pk": 6, "fields": {"user": 1, "document": 29, "data": {"sentiment": "negative"}, "times_out_at": "2022-06-17T13:50:42.866Z", "created": "2022-06-17T12:50:42.866Z", "status": 1, "status_time": "2022-06-17T12:45:53.387Z", "time_to_complete": null}}, {"model": "backend.annotation", "pk": 7, "fields": {"user": 1, "document": 27, "data": {"sentiment": "positive"}, "times_out_at": "2022-06-17T13:50:45.739Z", "created": "2022-06-17T12:50:45.739Z", "status": 1, "status_time": "2022-06-17T12:45:53.387Z", "time_to_complete": null}}, {"model": "backend.annotation", "pk": 8, "fields": {"user": 1, "document": 28, "data": {"sentiment": "positive"}, "times_out_at": "2022-06-17T13:50:48.316Z", "created": "2022-06-17T12:50:48.316Z", "status": 1, "status_time": "2022-06-17T12:45:53.387Z", "time_to_complete": null}}, {"model": "backend.annotation", "pk": 9, "fields": {"user": 1, "document": 26, "data": {"sentiment": "positive"}, "times_out_at": "2022-06-17T13:50:49.318Z", "created": "2022-06-17T12:50:49.318Z", "status": 1, "status_time": "2022-06-17T12:45:53.387Z", "time_to_complete": null}}, {"model": "backend.annotation", "pk": 10, "fields": {"user": 1, "document": 33, "data": {"sentiment": "positive"}, "times_out_at": "2022-06-17T13:50:50.316Z", "created": "2022-06-17T12:50:50.316Z", "status": 1, "status_time": "2022-06-17T12:45:53.387Z", "time_to_complete": null}}, {"model": "backend.annotation", "pk": 11, "fields": {"user": 1, "document": 32, "data": {"sentiment": "positive"}, "times_out_at": "2022-06-17T13:50:51.427Z", "created": "2022-06-17T12:50:51.427Z", "status": 1, "status_time": "2022-06-17T12:45:53.387Z", "time_to_complete": null}}, {"model": "backend.annotation", "pk": 12, "fields": {"user": 1, "document": 30, "data": {"sentiment": "positive"}, "times_out_at": "2022-06-17T13:50:52.418Z", "created": "2022-06-17T12:50:52.418Z", "status": 1, "status_time": "2022-06-17T12:45:53.387Z", "time_to_complete": null}}, {"model": "backend.annotation", "pk": 13, "fields": {"user": 1, "document": 31, "data": {"sentiment": "positive"}, "times_out_at": "2022-06-17T13:50:53.528Z", "created": "2022-06-17T12:50:53.529Z", "status": 1, "status_time": "2022-06-17T12:45:53.387Z", "time_to_complete": null}}, {"model": "backend.annotation", "pk": 14, "fields": {"user": 1, "document": 34, "data": {"sentiment": "positive"}, "times_out_at": "2022-06-17T13:50:54.886Z", "created": "2022-06-17T12:50:54.886Z", "status": 1, "status_time": "2022-06-17T12:45:53.387Z", "time_to_complete": null}}, {"model": "backend.annotation", "pk": 15, "fields": {"user": 1, "document": 35, "data": {"sentiment": "positive"}, "times_out_at": "2022-06-17T13:50:55.957Z", "created": "2022-06-17T12:50:55.957Z", "status": 1, "status_time": "2022-06-17T12:45:53.387Z", "time_to_complete": null}}, {"model": "backend.annotation", "pk": 16, "fields": {"user": 1, "document": 9, "data": {"sentiment": "negative"}, "times_out_at": "2022-06-17T13:50:57.087Z", "created": "2022-06-17T12:50:57.087Z", "status": 1, "status_time": "2022-06-17T12:45:53.387Z", "time_to_complete": 1.308}}, {"model": "backend.annotation", "pk": 17, "fields": {"user": 1, "document": 16, "data": {"sentiment": "neutral"}, "times_out_at": "2022-06-17T13:50:59.675Z", "created": "2022-06-17T12:50:59.675Z", "status": 1, "status_time": "2022-06-17T12:45:53.387Z", "time_to_complete": 0.931}}, {"model": "backend.annotation", "pk": 18, "fields": {"user": 1, "document": 15, "data": {"sentiment": "positive"}, "times_out_at": "2022-06-17T13:51:00.597Z", "created": "2022-06-17T12:51:00.597Z", "status": 1, "status_time": "2022-06-17T12:45:53.387Z", "time_to_complete": 0.951}}, {"model": "backend.annotation", "pk": 19, "fields": {"user": 1, "document": 13, "data": {"sentiment": "negative"}, "times_out_at": "2022-06-17T13:51:01.558Z", "created": "2022-06-17T12:51:01.559Z", "status": 1, "status_time": "2022-06-17T12:45:53.387Z", "time_to_complete": 0.799}}, {"model": "backend.annotation", "pk": 20, "fields": {"user": 1, "document": 20, "data": {"sentiment": "neutral"}, "times_out_at": "2022-06-17T13:51:02.358Z", "created": "2022-06-17T12:51:02.358Z", "status": 1, "status_time": "2022-06-17T12:45:53.387Z", "time_to_complete": 1.1}}, {"model": "backend.annotation", "pk": 21, "fields": {"user": 1, "document": 6, "data": {"sentiment": "positive"}, "times_out_at": "2022-06-17T13:51:03.458Z", "created": "2022-06-17T12:51:03.458Z", "status": 1, "status_time": "2022-06-17T12:45:53.387Z", "time_to_complete": 2.15}}, {"model": "backend.annotation", "pk": 22, "fields": {"user": 1, "document": 19, "data": {"sentiment": "negative"}, "times_out_at": "2022-06-17T13:51:05.606Z", "created": "2022-06-17T12:51:05.606Z", "status": 1, "status_time": "2022-06-17T12:45:53.387Z", "time_to_complete": 0.786}}, {"model": "backend.annotation", "pk": 23, "fields": {"user": 1, "document": 8, "data": {"sentiment": "neutral"}, "times_out_at": "2022-06-17T13:51:06.389Z", "created": "2022-06-17T12:51:06.389Z", "status": 1, "status_time": "2022-06-17T12:45:53.387Z", "time_to_complete": 0.915}}, {"model": "backend.annotation", "pk": 24, "fields": {"user": 1, "document": 4, "data": {"sentiment": "positive"}, "times_out_at": "2022-06-17T13:51:07.312Z", "created": "2022-06-17T12:51:07.312Z", "status": 1, "status_time": "2022-06-17T12:45:53.387Z", "time_to_complete": 1.409}}, {"model": "backend.annotation", "pk": 25, "fields": {"user": 1, "document": 12, "data": {"sentiment": "negative"}, "times_out_at": "2022-06-17T13:51:08.715Z", "created": "2022-06-17T12:51:08.715Z", "status": 1, "status_time": "2022-06-17T12:45:53.387Z", "time_to_complete": 0.768}}, {"model": "backend.annotation", "pk": 26, "fields": {"user": 1, "document": 3, "data": {"sentiment": "positive"}, "times_out_at": "2022-06-17T13:51:09.486Z", "created": "2022-06-17T12:51:09.486Z", "status": 1, "status_time": "2022-06-17T12:45:53.387Z", "time_to_complete": 1.056}}, {"model": "backend.annotation", "pk": 27, "fields": {"user": 1, "document": 1, "data": {"sentiment": "negative"}, "times_out_at": "2022-06-17T13:51:10.545Z", "created": "2022-06-17T12:51:10.545Z", "status": 1, "status_time": "2022-06-17T12:45:53.387Z", "time_to_complete": 0.851}}, {"model": "backend.annotation", "pk": 28, "fields": {"user": 2, "document": 24, "data": {"sentiment": "positive"}, "times_out_at": "2022-06-17T13:51:25.783Z", "created": "2022-06-17T12:51:25.783Z", "status": 1, "status_time": "2022-06-17T12:45:53.387Z", "time_to_complete": null}}, {"model": "backend.annotation", "pk": 29, "fields": {"user": 2, "document": 25, "data": {"sentiment": "positive"}, "times_out_at": "2022-06-17T13:51:28.892Z", "created": "2022-06-17T12:51:28.892Z", "status": 1, "status_time": "2022-06-17T12:45:53.387Z", "time_to_complete": null}}, {"model": "backend.annotation", "pk": 30, "fields": {"user": 2, "document": 23, "data": {"sentiment": "positive"}, "times_out_at": "2022-06-17T13:51:30.211Z", "created": "2022-06-17T12:51:30.211Z", "status": 1, "status_time": "2022-06-17T12:45:53.387Z", "time_to_complete": null}}, {"model": "backend.annotation", "pk": 31, "fields": {"user": 2, "document": 21, "data": {"sentiment": "positive"}, "times_out_at": "2022-06-17T13:51:31.446Z", "created": "2022-06-17T12:51:31.446Z", "status": 1, "status_time": "2022-06-17T12:45:53.387Z", "time_to_complete": null}}, {"model": "backend.annotation", "pk": 32, "fields": {"user": 2, "document": 22, "data": {"sentiment": "positive"}, "times_out_at": "2022-06-17T13:51:32.621Z", "created": "2022-06-17T12:51:32.621Z", "status": 1, "status_time": "2022-06-17T12:45:53.387Z", "time_to_complete": null}}, {"model": "backend.annotation", "pk": 33, "fields": {"user": 2, "document": 26, "data": {"sentiment": "positive"}, "times_out_at": "2022-06-17T13:51:34.027Z", "created": "2022-06-17T12:51:34.027Z", "status": 1, "status_time": "2022-06-17T12:45:53.387Z", "time_to_complete": null}}, {"model": "backend.annotation", "pk": 34, "fields": {"user": 2, "document": 32, "data": {"sentiment": "positive"}, "times_out_at": "2022-06-17T13:51:36.592Z", "created": "2022-06-17T12:51:36.592Z", "status": 1, "status_time": "2022-06-17T12:45:53.387Z", "time_to_complete": null}}, {"model": "backend.annotation", "pk": 35, "fields": {"user": 2, "document": 30, "data": {"sentiment": "positive"}, "times_out_at": "2022-06-17T13:51:37.745Z", "created": "2022-06-17T12:51:37.745Z", "status": 1, "status_time": "2022-06-17T12:45:53.387Z", "time_to_complete": null}}, {"model": "backend.annotation", "pk": 36, "fields": {"user": 2, "document": 35, "data": {"sentiment": "positive"}, "times_out_at": "2022-06-17T13:51:38.773Z", "created": "2022-06-17T12:51:38.773Z", "status": 1, "status_time": "2022-06-17T12:45:53.387Z", "time_to_complete": null}}, {"model": "backend.annotation", "pk": 37, "fields": {"user": 2, "document": 33, "data": {"sentiment": "positive"}, "times_out_at": "2022-06-17T13:51:39.875Z", "created": "2022-06-17T12:51:39.876Z", "status": 1, "status_time": "2022-06-17T12:45:53.387Z", "time_to_complete": null}}, {"model": "backend.annotation", "pk": 38, "fields": {"user": 2, "document": 29, "data": {"sentiment": "positive"}, "times_out_at": "2022-06-17T13:51:41.407Z", "created": "2022-06-17T12:51:41.407Z", "status": 1, "status_time": "2022-06-17T12:45:53.387Z", "time_to_complete": null}}, {"model": "backend.annotation", "pk": 39, "fields": {"user": 2, "document": 28, "data": {"sentiment": "positive"}, "times_out_at": "2022-06-17T13:51:42.580Z", "created": "2022-06-17T12:51:42.580Z", "status": 1, "status_time": "2022-06-17T12:45:53.387Z", "time_to_complete": null}}, {"model": "backend.annotation", "pk": 40, "fields": {"user": 2, "document": 34, "data": {"sentiment": "positive"}, "times_out_at": "2022-06-17T13:51:43.577Z", "created": "2022-06-17T12:51:43.577Z", "status": 1, "status_time": "2022-06-17T12:45:53.387Z", "time_to_complete": null}}, {"model": "backend.annotation", "pk": 41, "fields": {"user": 2, "document": 31, "data": {"sentiment": "positive"}, "times_out_at": "2022-06-17T13:51:45.044Z", "created": "2022-06-17T12:51:45.044Z", "status": 1, "status_time": "2022-06-17T12:45:53.387Z", "time_to_complete": null}}, {"model": "backend.annotation", "pk": 42, "fields": {"user": 2, "document": 27, "data": {"sentiment": "positive"}, "times_out_at": "2022-06-17T13:51:46.265Z", "created": "2022-06-17T12:51:46.265Z", "status": 1, "status_time": "2022-06-17T12:45:53.387Z", "time_to_complete": null}}, {"model": "backend.annotation", "pk": 43, "fields": {"user": 2, "document": 4, "data": {"sentiment": "positive"}, "times_out_at": "2022-06-17T13:51:47.484Z", "created": "2022-06-17T12:51:47.484Z", "status": 1, "status_time": "2022-06-17T12:45:53.387Z", "time_to_complete": 1.71}}, {"model": "backend.annotation", "pk": 44, "fields": {"user": 2, "document": 15, "data": {"sentiment": "positive"}, "times_out_at": "2022-06-17T13:51:50.790Z", "created": "2022-06-17T12:51:50.790Z", "status": 1, "status_time": "2022-06-17T12:45:53.387Z", "time_to_complete": 1.218}}, {"model": "backend.annotation", "pk": 45, "fields": {"user": 2, "document": 11, "data": {"sentiment": "positive"}, "times_out_at": "2022-06-17T13:51:52.006Z", "created": "2022-06-17T12:51:52.006Z", "status": 1, "status_time": "2022-06-17T12:45:53.387Z", "time_to_complete": 1.099}}, {"model": "backend.annotation", "pk": 46, "fields": {"user": 2, "document": 18, "data": {"sentiment": "positive"}, "times_out_at": "2022-06-17T13:51:53.107Z", "created": "2022-06-17T12:51:53.107Z", "status": 1, "status_time": "2022-06-17T12:45:53.387Z", "time_to_complete": 1.317}}, {"model": "backend.annotation", "pk": 47, "fields": {"user": 2, "document": 10, "data": {"sentiment": "positive"}, "times_out_at": "2022-06-17T13:51:54.423Z", "created": "2022-06-17T12:51:54.423Z", "status": 1, "status_time": "2022-06-17T12:45:53.387Z", "time_to_complete": 1.077}}, {"model": "backend.annotation", "pk": 48, "fields": {"user": 2, "document": 8, "data": {"sentiment": "positive"}, "times_out_at": "2022-06-17T13:51:55.504Z", "created": "2022-06-17T12:51:55.504Z", "status": 1, "status_time": "2022-06-17T12:45:53.387Z", "time_to_complete": 1.118}}, {"model": "backend.annotation", "pk": 49, "fields": {"user": 2, "document": 9, "data": {"sentiment": "positive"}, "times_out_at": "2022-06-17T13:51:56.617Z", "created": "2022-06-17T12:51:56.617Z", "status": 1, "status_time": "2022-06-17T12:45:53.387Z", "time_to_complete": 1.26}}, {"model": "backend.annotation", "pk": 50, "fields": {"user": 2, "document": 6, "data": {"sentiment": "positive"}, "times_out_at": "2022-06-17T13:51:57.877Z", "created": "2022-06-17T12:51:57.877Z", "status": 1, "status_time": "2022-06-17T12:45:53.387Z", "time_to_complete": 1.652}}, {"model": "backend.annotation", "pk": 51, "fields": {"user": 2, "document": 2, "data": {"sentiment": "positive"}, "times_out_at": "2022-06-17T13:51:59.527Z", "created": "2022-06-17T12:51:59.527Z", "status": 1, "status_time": "2022-06-17T12:45:53.387Z", "time_to_complete": 1.131}}, {"model": "backend.annotation", "pk": 52, "fields": {"user": 2, "document": 7, "data": {"sentiment": "positive"}, "times_out_at": "2022-06-17T13:52:00.664Z", "created": "2022-06-17T12:52:00.665Z", "status": 1, "status_time": "2022-06-17T12:45:53.387Z", "time_to_complete": 1.372}}, {"model": "backend.annotation", "pk": 53, "fields": {"user": 2, "document": 5, "data": {"sentiment": "positive"}, "times_out_at": "2022-06-17T13:52:02.034Z", "created": "2022-06-17T12:52:02.034Z", "status": 1, "status_time": "2022-06-17T12:45:53.387Z", "time_to_complete": 1.249}}, {"model": "backend.annotation", "pk": 54, "fields": {"user": 2, "document": 3, "data": {"sentiment": "negative"}, "times_out_at": "2022-06-17T13:52:03.294Z", "created": "2022-06-17T12:52:03.294Z", "status": 1, "status_time": "2022-06-17T12:45:53.387Z", "time_to_complete": 0.966}}, {"model": "backend.annotation", "pk": 55, "fields": {"user": 1, "document": 72, "data": {"sentiment": "negative"}, "times_out_at": "2022-06-17T14:03:18.263Z", "created": "2022-06-17T13:03:18.263Z", "status": 1, "status_time": "2022-06-17T12:57:54.614Z", "time_to_complete": 3.073}}, {"model": "backend.annotation", "pk": 56, "fields": {"user": 1, "document": 57, "data": {"sentiment": "neutral"}, "times_out_at": "2022-06-17T14:03:22.426Z", "created": "2022-06-17T13:03:22.427Z", "status": 1, "status_time": "2022-06-17T12:57:54.614Z", "time_to_complete": 0.934}}, {"model": "backend.annotation", "pk": 57, "fields": {"user": 1, "document": 63, "data": {"sentiment": "positive"}, "times_out_at": "2022-06-17T14:03:23.355Z", "created": "2022-06-17T13:03:23.355Z", "status": 1, "status_time": "2022-06-17T12:57:54.614Z", "time_to_complete": 1.967}}, {"model": "backend.annotation", "pk": 58, "fields": {"user": 1, "document": 70, "data": {"sentiment": "negative"}, "times_out_at": "2022-06-17T14:03:25.320Z", "created": "2022-06-17T13:03:25.320Z", "status": 1, "status_time": "2022-06-17T12:57:54.614Z", "time_to_complete": 0.817}}, {"model": "backend.annotation", "pk": 59, "fields": {"user": 1, "document": 68, "data": {"sentiment": "neutral"}, "times_out_at": "2022-06-17T14:03:26.138Z", "created": "2022-06-17T13:03:26.138Z", "status": 1, "status_time": "2022-06-17T12:57:54.614Z", "time_to_complete": 0.803}}, {"model": "backend.annotation", "pk": 60, "fields": {"user": 1, "document": 75, "data": {"sentiment": "positive"}, "times_out_at": "2022-06-17T14:03:26.943Z", "created": "2022-06-17T13:03:26.943Z", "status": 1, "status_time": "2022-06-17T12:57:54.614Z", "time_to_complete": 1.197}}, {"model": "backend.annotation", "pk": 61, "fields": {"user": 1, "document": 65, "data": {"sentiment": "negative"}, "times_out_at": "2022-06-17T14:03:28.139Z", "created": "2022-06-17T13:03:28.139Z", "status": 1, "status_time": "2022-06-17T12:57:54.614Z", "time_to_complete": 0.751}}, {"model": "backend.annotation", "pk": 62, "fields": {"user": 1, "document": 74, "data": {"sentiment": "neutral"}, "times_out_at": "2022-06-17T14:03:28.896Z", "created": "2022-06-17T13:03:28.896Z", "status": 1, "status_time": "2022-06-17T12:57:54.614Z", "time_to_complete": 0.802}}, {"model": "backend.annotation", "pk": 63, "fields": {"user": 1, "document": 69, "data": {"sentiment": "positive"}, "times_out_at": "2022-06-17T14:03:29.701Z", "created": "2022-06-17T13:03:29.701Z", "status": 1, "status_time": "2022-06-17T12:57:54.614Z", "time_to_complete": 1.108}}, {"model": "backend.annotation", "pk": 64, "fields": {"user": 1, "document": 60, "data": {"sentiment": "negative"}, "times_out_at": "2022-06-17T14:03:30.800Z", "created": "2022-06-17T13:03:30.800Z", "status": 1, "status_time": "2022-06-17T12:57:54.614Z", "time_to_complete": 0.741}}, {"model": "backend.annotation", "pk": 65, "fields": {"user": 1, "document": 62, "data": {"sentiment": "neutral"}, "times_out_at": "2022-06-17T14:03:31.549Z", "created": "2022-06-17T13:03:31.549Z", "status": 1, "status_time": "2022-06-17T12:57:54.614Z", "time_to_complete": 1.567}}, {"model": "backend.annotation", "pk": 66, "fields": {"user": 1, "document": 58, "data": {"sentiment": "positive"}, "times_out_at": "2022-06-17T14:03:33.114Z", "created": "2022-06-17T13:03:33.114Z", "status": 1, "status_time": "2022-06-17T12:57:54.614Z", "time_to_complete": 1.151}}, {"model": "backend.annotation", "pk": 67, "fields": {"user": 1, "document": 50, "data": {"sentiment": "negative"}, "times_out_at": "2022-06-17T14:03:45.490Z", "created": "2022-06-17T13:03:45.490Z", "status": 1, "status_time": "2022-06-17T12:57:54.614Z", "time_to_complete": 1.776}}, {"model": "backend.annotation", "pk": 68, "fields": {"user": 1, "document": 45, "data": {"sentiment": "neutral"}, "times_out_at": "2022-06-17T14:03:48.411Z", "created": "2022-06-17T13:03:48.411Z", "status": 1, "status_time": "2022-06-17T12:57:54.614Z", "time_to_complete": 1.073}}, {"model": "backend.annotation", "pk": 69, "fields": {"user": 1, "document": 52, "data": {"sentiment": "positive"}, "times_out_at": "2022-06-17T14:03:49.481Z", "created": "2022-06-17T13:03:49.481Z", "status": 1, "status_time": "2022-06-17T12:57:54.614Z", "time_to_complete": 1.05}}, {"model": "backend.annotation", "pk": 70, "fields": {"user": 1, "document": 37, "data": {"sentiment": "negative"}, "times_out_at": "2022-06-17T14:03:50.533Z", "created": "2022-06-17T13:03:50.533Z", "status": 1, "status_time": "2022-06-17T12:57:54.614Z", "time_to_complete": 0.725}}, {"model": "backend.annotation", "pk": 71, "fields": {"user": 1, "document": 47, "data": {"sentiment": "neutral"}, "times_out_at": "2022-06-17T14:03:51.276Z", "created": "2022-06-17T13:03:51.276Z", "status": 1, "status_time": "2022-06-17T12:57:54.614Z", "time_to_complete": 1.822}}, {"model": "backend.annotation", "pk": 72, "fields": {"user": 1, "document": 51, "data": {"sentiment": "positive"}, "times_out_at": "2022-06-17T14:03:53.079Z", "created": "2022-06-17T13:03:53.079Z", "status": 1, "status_time": "2022-06-17T12:57:54.614Z", "time_to_complete": 1.217}}, {"model": "backend.annotation", "pk": 73, "fields": {"user": 1, "document": 36, "data": {"sentiment": "negative"}, "times_out_at": "2022-06-17T14:03:54.299Z", "created": "2022-06-17T13:03:54.299Z", "status": 1, "status_time": "2022-06-17T12:57:54.614Z", "time_to_complete": 0.933}}, {"model": "backend.annotation", "pk": 74, "fields": {"user": 1, "document": 54, "data": {"sentiment": "neutral"}, "times_out_at": "2022-06-17T14:03:55.235Z", "created": "2022-06-17T13:03:55.235Z", "status": 1, "status_time": "2022-06-17T12:57:54.614Z", "time_to_complete": 1.101}}, {"model": "backend.annotation", "pk": 75, "fields": {"user": 1, "document": 41, "data": {"sentiment": "positive"}, "times_out_at": "2022-06-17T14:03:56.337Z", "created": "2022-06-17T13:03:56.337Z", "status": 1, "status_time": "2022-06-17T12:57:54.614Z", "time_to_complete": 1.647}}, {"model": "backend.annotation", "pk": 76, "fields": {"user": 1, "document": 53, "data": {"sentiment": "negative"}, "times_out_at": "2022-06-17T14:03:57.982Z", "created": "2022-06-17T13:03:57.982Z", "status": 1, "status_time": "2022-06-17T12:57:54.614Z", "time_to_complete": 0.769}}, {"model": "backend.annotation", "pk": 77, "fields": {"user": 1, "document": 39, "data": {"sentiment": "neutral"}, "times_out_at": "2022-06-17T14:03:58.743Z", "created": "2022-06-17T13:03:58.743Z", "status": 1, "status_time": "2022-06-17T12:57:54.614Z", "time_to_complete": 0.784}}, {"model": "backend.annotation", "pk": 78, "fields": {"user": 1, "document": 44, "data": {"sentiment": "positive"}, "times_out_at": "2022-06-17T14:03:59.539Z", "created": "2022-06-17T13:03:59.539Z", "status": 1, "status_time": "2022-06-17T12:57:54.614Z", "time_to_complete": 1.251}}, {"model": "auth.permission", "pk": 1, "fields": {"name": "Can add user", "content_type": 1, "codename": "add_serviceuser"}}, {"model": "auth.permission", "pk": 2, "fields": {"name": "Can change user", "content_type": 1, "codename": "change_serviceuser"}}, {"model": "auth.permission", "pk": 3, "fields": {"name": "Can delete user", "content_type": 1, "codename": "delete_serviceuser"}}, {"model": "auth.permission", "pk": 4, "fields": {"name": "Can view user", "content_type": 1, "codename": "view_serviceuser"}}, {"model": "auth.permission", "pk": 5, "fields": {"name": "Can add project", "content_type": 2, "codename": "add_project"}}, {"model": "auth.permission", "pk": 6, "fields": {"name": "Can change project", "content_type": 2, "codename": "change_project"}}, {"model": "auth.permission", "pk": 7, "fields": {"name": "Can delete project", "content_type": 2, "codename": "delete_project"}}, {"model": "auth.permission", "pk": 8, "fields": {"name": "Can view project", "content_type": 2, "codename": "view_project"}}, {"model": "auth.permission", "pk": 9, "fields": {"name": "Can add annotator project", "content_type": 3, "codename": "add_annotatorproject"}}, {"model": "auth.permission", "pk": 10, "fields": {"name": "Can change annotator project", "content_type": 3, "codename": "change_annotatorproject"}}, {"model": "auth.permission", "pk": 11, "fields": {"name": "Can delete annotator project", "content_type": 3, "codename": "delete_annotatorproject"}}, {"model": "auth.permission", "pk": 12, "fields": {"name": "Can view annotator project", "content_type": 3, "codename": "view_annotatorproject"}}, {"model": "auth.permission", "pk": 13, "fields": {"name": "Can add document", "content_type": 4, "codename": "add_document"}}, {"model": "auth.permission", "pk": 14, "fields": {"name": "Can change document", "content_type": 4, "codename": "change_document"}}, {"model": "auth.permission", "pk": 15, "fields": {"name": "Can delete document", "content_type": 4, "codename": "delete_document"}}, {"model": "auth.permission", "pk": 16, "fields": {"name": "Can view document", "content_type": 4, "codename": "view_document"}}, {"model": "auth.permission", "pk": 17, "fields": {"name": "Can add annotation", "content_type": 5, "codename": "add_annotation"}}, {"model": "auth.permission", "pk": 18, "fields": {"name": "Can change annotation", "content_type": 5, "codename": "change_annotation"}}, {"model": "auth.permission", "pk": 19, "fields": {"name": "Can delete annotation", "content_type": 5, "codename": "delete_annotation"}}, {"model": "auth.permission", "pk": 20, "fields": {"name": "Can view annotation", "content_type": 5, "codename": "view_annotation"}}, {"model": "auth.permission", "pk": 21, "fields": {"name": "Can add log entry", "content_type": 6, "codename": "add_logentry"}}, {"model": "auth.permission", "pk": 22, "fields": {"name": "Can change log entry", "content_type": 6, "codename": "change_logentry"}}, {"model": "auth.permission", "pk": 23, "fields": {"name": "Can delete log entry", "content_type": 6, "codename": "delete_logentry"}}, {"model": "auth.permission", "pk": 24, "fields": {"name": "Can view log entry", "content_type": 6, "codename": "view_logentry"}}, {"model": "auth.permission", "pk": 25, "fields": {"name": "Can add permission", "content_type": 7, "codename": "add_permission"}}, {"model": "auth.permission", "pk": 26, "fields": {"name": "Can change permission", "content_type": 7, "codename": "change_permission"}}, {"model": "auth.permission", "pk": 27, "fields": {"name": "Can delete permission", "content_type": 7, "codename": "delete_permission"}}, {"model": "auth.permission", "pk": 28, "fields": {"name": "Can view permission", "content_type": 7, "codename": "view_permission"}}, {"model": "auth.permission", "pk": 29, "fields": {"name": "Can add group", "content_type": 8, "codename": "add_group"}}, {"model": "auth.permission", "pk": 30, "fields": {"name": "Can change group", "content_type": 8, "codename": "change_group"}}, {"model": "auth.permission", "pk": 31, "fields": {"name": "Can delete group", "content_type": 8, "codename": "delete_group"}}, {"model": "auth.permission", "pk": 32, "fields": {"name": "Can view group", "content_type": 8, "codename": "view_group"}}, {"model": "auth.permission", "pk": 33, "fields": {"name": "Can add content type", "content_type": 9, "codename": "add_contenttype"}}, {"model": "auth.permission", "pk": 34, "fields": {"name": "Can change content type", "content_type": 9, "codename": "change_contenttype"}}, {"model": "auth.permission", "pk": 35, "fields": {"name": "Can delete content type", "content_type": 9, "codename": "delete_contenttype"}}, {"model": "auth.permission", "pk": 36, "fields": {"name": "Can view content type", "content_type": 9, "codename": "view_contenttype"}}, {"model": "auth.permission", "pk": 37, "fields": {"name": "Can add session", "content_type": 10, "codename": "add_session"}}, {"model": "auth.permission", "pk": 38, "fields": {"name": "Can change session", "content_type": 10, "codename": "change_session"}}, {"model": "auth.permission", "pk": 39, "fields": {"name": "Can delete session", "content_type": 10, "codename": "delete_session"}}, {"model": "auth.permission", "pk": 40, "fields": {"name": "Can view session", "content_type": 10, "codename": "view_session"}}, {"model": "contenttypes.contenttype", "pk": 1, "fields": {"app_label": "backend", "model": "serviceuser"}}, {"model": "contenttypes.contenttype", "pk": 2, "fields": {"app_label": "backend", "model": "project"}}, {"model": "contenttypes.contenttype", "pk": 3, "fields": {"app_label": "backend", "model": "annotatorproject"}}, {"model": "contenttypes.contenttype", "pk": 4, "fields": {"app_label": "backend", "model": "document"}}, {"model": "contenttypes.contenttype", "pk": 5, "fields": {"app_label": "backend", "model": "annotation"}}, {"model": "contenttypes.contenttype", "pk": 6, "fields": {"app_label": "admin", "model": "logentry"}}, {"model": "contenttypes.contenttype", "pk": 7, "fields": {"app_label": "auth", "model": "permission"}}, {"model": "contenttypes.contenttype", "pk": 8, "fields": {"app_label": "auth", "model": "group"}}, {"model": "contenttypes.contenttype", "pk": 9, "fields": {"app_label": "contenttypes", "model": "contenttype"}}, {"model": "contenttypes.contenttype", "pk": 10, "fields": {"app_label": "sessions", "model": "session"}}, {"model": "sessions.session", "pk": "fpw3cllt36um84qju6h8j199oe6kq6qo", "fields": {"session_data": ".eJxVjMsOwiAQAP-FsyG8Sz169xvIsrtK1UBS2pPx3w1JD3qdmcxbJNi3kvbOa1pInIUWp1-WAZ9ch6AH1HuT2Oq2LlmORB62y2sjfl2O9m9QoJexxeA0uwgO0UblJ0desabAjGaGqCxNEWI0wWanwMzkjVc3QwERWDvx-QLSiDeU:1o2BSS:RGf5eL35A3RRAKrdJ8fp4pHEKWl6jQbLczEJLAJBM_0", "expire_date": "2022-07-01T12:52:16.045Z"}}, {"model": "sessions.session", "pk": "l6se1wuc5o5oyz2cmjb4fl7fphb6b0gy", "fields": {"session_data": ".eJxVjMsOwiAQAP-FsyG8Sz169xvIsrtK1UBS2pPx3w1JD3qdmcxbJNi3kvbOa1pInIUWp1-WAZ9ch6AH1HuT2Oq2LlmORB62y2sjfl2O9m9QoJexxeA0uwgO0UblJ0desabAjGaGqCxNEWI0wWanwMzkjVc3QwERWDvx-QLSiDeU:1nrgol:Z_I3kaEbMdUD6OA1mT2hMCTnF9_UcCyOfpmNmAqiGSQ", "expire_date": "2022-06-02T14:07:55.174Z"}}]